Year,Player,Pos,Salary
2016,"Kershaw, Clayton",lhp-s,34571429.0
2016,"Greinke, Zack",rhp-s,34000000.0
2016,"Price, David",lhp-s,30000000.0
2016,"Hamilton, Josh",lf,28410000.0
2016,"Cabrera, Miguel",1b,28000000.0
2016,"Verlander, Justin",rhp-s,28000000.0
2016,"Cespedes, Yoenis",lf,27500000.0
2016,"Hernandez, Felix",rhp-s,25857143.0
2016,"Howard, Ryan",1b,25000000.0
2016,"Lester, Jon",lhp-s,25000000.0
2016,"Pujols, Albert",1b,25000000.0
2016,"Sabathia, CC",lhp-s,25000000.0
2016,"Cano, Robinson",2b,24000000.0
2016,"Fielder, Prince",1b,24000000.0
2016,"Hamels, Cole",lhp-s,23500000.0
2016,"Teixeira, Mark",1b,23125000.0
2016,"Mauer, Joe",1b,23000000.0
2016,"Ramirez, Hanley",lf,22750000.0
2016,"Scherzer, Max",rhp-s,22142857.0
2016,"Upton, Justin",lf,22125000.0
2016,"Reyes, Jose",ss,22000000.0
2016,"Tanaka, Masahiro",rhp-s,22000000.0
2016,"Gonzalez, Adrian",1b,21857143.0
2016,"Kemp, Matt",rf,21750000.0
2016,"Heyward, Jason",rf,21666667.0
2016,"Crawford, Carl",lf,21607143.0
2016,"Werth, Jayson",lf,21571429.0
2016,"Ellsbury, Jacoby",cf,21142857.0
2016,"Davis, Chris",1b,21118782.0
2016,"Rodriguez, Alex",3b,21000000.0
2016,"Shields, James",rhp-s,21000000.0
2016,"Cain, Matt",rhp-s,20833333.0
2016,"Posey, Buster",c,20777777.0
2016,"Wilson, C.J.",lhp-s,20500000.0
2016,"Weaver, Jered",rhp-s,20200000.0
2016,"Porcello, Rick",rhp-s,20125000.0
2016,"Braun, Ryan",lf,20000000.0
2016,"Choo, Shin-Soo",lf,20000000.0
2016,"Tulowitzki, Troy",ss,20000000.0
2016,"Votto, Joey",1b,20000000.0
2016,"Wright, David",3b,20000000.0
2016,"Wainwright, Adam",rhp-s,19500000.0
2016,"Pence, Hunter",rf,18500000.0
2016,"Bailey, Homer",rhp-s,18000000.0
2016,"Beltre, Adrian",3b,18000000.0
2016,"Ethier, Andre",cf,18000000.0
2016,"Martinez, Victor",dh,18000000.0
2016,"Zimmermann, Jordan",rhp-s,18000000.0
2016,"Sandoval, Pablo",3b,17600000.0
2016,"Cueto, Johnny",rhp-s,17500000.0
2016,"Gonzalez, Carlos",cf,17428571.0
2016,"Holliday, Matt",lf,17000000.0
2016,"McCann, Brian",c,17000000.0
2016,"Sanchez, Anibal",rhp-s,16800000.0
2016,"Jones, Adam",cf,16333333.0
2016,"Trout, Mike",cf,16083333.0
2016,"Upton, Melvin Jr. (B.J.)",lf,16050000.0
2016,"Granderson, Curtis",rf,16000000.0
2016,"Lackey, John",rhp-s,16000000.0
2016,"Ortiz, David",dh,16000000.0
2016,"Anderson, Brett",lhp-s,15800000.0
2016,"Rasmus, Colby",cf-lf,15800000.0
2016,"Wieters, Matt",c,15800000.0
2016,"Danks, John",lhp-s,15750000.0
2016,"Andrus, Elvis",ss,15250000.0
2016,"Beltran, Carlos",rf,15000000.0
2016,"Martin, Russell",c,15000000.0
2016,"Peavy, Jake",rhp-s,15000000.0
2016,"Swisher, Nick",1b-of,15000000.0
2016,"Cruz, Nelson",dh-rf,14250000.0
2016,"Molina, Yadier",c,14200000.0
2016,"Bautista, Jose",rf,14000000.0
2016,"Bourn, Michael",of,14000000.0
2016,"Cabrera, Melky",lf,14000000.0
2016,"Kinsler, Ian",2b,14000000.0
2016,"Montero, Miguel",c,14000000.0
2016,"Zimmerman, Ryan",1b,14000000.0
2016,"Liriano, Francisco",lhp-s,13666667.0
2016,"Gardner, Brett",lf,13500000.0
2016,"Santana, Ervin",rhp-s,13500000.0
2016,"McCutchen, Andrew",cf,13208333.0
2016,"Harrison, Matt",lhp-s,13200000.0
2016,"Pedroia, Dustin",2b,13125000.0
2016,"Buchholz, Clay",rhp-s,13000000.0
2016,"Headley, Chase",3b,13000000.0
2016,"Jackson, Edwin",rhp-s,13000000.0
2016,"Jimenez, Ubaldo",rhp-s,13000000.0
2016,"Phillips, Brandon",2b,13000000.0
2016,"Kazmir, Scott",lhp-s,12666667.0
2016,"Bruce, Jay",rf,12541667.0
2016,"Chen, Wei-Yin",lhp-s,12500000.0
2016,"De La Rosa, Jorge",lhp-s,12500000.0
2016,"Garza, Matt",rhp-s,12500000.0
2016,"Hardy, J.J.",ss,12500000.0
2016,"McCarthy, Brandon",rhp-s,12500000.0
2016,"Peralta, Jhonny",ss,12500000.0
2016,"Freeman, Freddie",1b,12359375.0
2016,"Gonzalez, Gio",lhp-s,12100000.0
2016,"Longoria, Evan",3b,12100000.0
2016,"Dickey, R.A.",rhp-s,12000000.0
2016,"Gordon, Alex",lf,12000000.0
2016,"Hill, Aaron",2b,12000000.0
2016,"Leake, Mike",rhp-s,12000000.0
2016,"Nolasco, Ricky",rhp-s,12000000.0
2016,"Abreu, Jose",1b,11666667.0
2016,"Butler, Billy",dh-1b,11666667.0
2016,"Donaldson, Josh",3b,11650000.0
2016,"Estrada, Marco",rhp-s,11500000.0
2016,"Garcia, Jaime",lhp-s,11500000.0
2016,"Chapman, Aroldis",lhp-c,11325000.0
2016,"Castillo, Rusney",of,11271429.0
2016,"Kimbrel, Craig",rhp-c,11250000.0
2016,"Pagan, Angel",lf,11250000.0
2016,"Crisp, Covelli",cf,11000000.0
2016,"Iwakuma, Hisashi",rhp-s,11000000.0
2016,"Markakis, Nick",rf,11000000.0
2016,"Papelbon, Jonathan",rhp-c,11000000.0
2016,"Prado, Martin",3b,11000000.0
2016,"Robertson, David",rhp-c,11000000.0
2016,"Samardzija, Jeff",rhp-s,10800000.0
2016,"Arrieta, Jake",rhp-s,10700000.0
2016,"Jansen, Kenley",rhp-c,10650000.0
2016,"Walker, Neil",2b,10550000.0
2016,"Zobrist, Ben",2b,10500000.0
2016,"Strasburg, Stephen",rhp-s,10400000.0
2016,"Darvish, Yu",rhp-s,10000000.0
2016,"Encarnacion, Edwin",1b,10000000.0
2016,"Happ, J.A.",lhp-s,10000000.0
2016,"Holland, Derek",lhp-s,10000000.0
2016,"Kendrick, Howie",2b,10000000.0
2016,"Bumgarner, Madison",lhp-s,9950000.0
2016,"Melancon, Mark",rhp,9650000.0
2016,"Ross, Tyson",rhp-s,9625000.0
2016,"Volquez, Edinson",rhp-s,9500000.0
2016,"Hughes, Phil",rhp-s,9200000.0
2016,"Sale, Chris",lhp-s,9150000.0
2016,"Trumbo, Mark",rf-1b,9150000.0
2016,"Niese, Jon",lhp-s,9050000.0
2016,"Craig, Allen",1b-of,9000000.0
2016,"Gallardo, Yovani",rhp-s,9000000.0
2016,"Gomez, Carlos",cf,9000000.0
2016,"Hammel, Jason",rhp-s,9000000.0
2016,"Miller, Andrew",lhp,9000000.0
2016,"Morales, Kendrys",dh-1b,9000000.0
2016,"Romo, Sergio",rhp,9000000.0
2016,"Stanton, Giancarlo",rf,9000000.0
2016,"Uehara, Koji",rhp-c,9000000.0
2016,"Aybar, Erick",ss,8750000.0
2016,"Olivera, Hector",2b-3b,8666666.0
2016,"Morse, Michael",1b-lf,8500000.0
2016,"Ruiz, Carlos",c,8500000.0
2016,"Vargas, Jason",lhp-s,8500000.0
2016,"Santana, Carlos",dh-1b,8450000.0
2016,"Storen, Drew",rhp,8375000.0
2016,"Cabrera, Asdrubal",ss-2b,8250000.0
2016,"Frazier, Todd",3b,8250000.0
2016,"Hosmer, Eric",1b,8250000.0
2016,"Moss, Brandon",1b,8250000.0
2016,"Maybin, Cameron",cf,8100000.0
2016,"Benoit, Joaquin",rhp,8000000.0
2016,"Davis, Wade",rhp-c,8000000.0
2016,"Desmond, Ian",lf-ss,8000000.0
2016,"Feldman, Scott",rhp-s,8000000.0
2016,"Fowler, Dexter",cf,8000000.0
2016,"Lind, Adam",1b-dh,8000000.0
2016,"Morton, Charlie",rhp-s,8000000.0
2016,"Murphy, Daniel",2b,8000000.0
2016,"Parra, Gerardo",rf,8000000.0
2016,"Pelfrey, Mike",rhp-s,8000000.0
2016,"Seager, Kyle",3b,8000000.0
2016,"Street, Huston",rhp-c,8000000.0
2016,"Castro, Starlin",2b,7857142.0
2016,"Ryu, Hyun-Jin",lhp-s,7833333.0
2016,"Infante, Omar",2b,7750000.0
2016,"Guerrero, Alexander",2b,7500000.0
2016,"Johnson, Chris",3b,7500000.0
2016,"Kennedy, Ian",rhp-s,7500000.0
2016,"Lowrie, Jed",ss,7500000.0
2016,"Lynn, Lance",rhp-s,7500000.0
2016,"Rodriguez, Francisco",rhp-c,7500000.0
2016,"Tomas, Yasmany",lf,7500000.0
2016,"Brantley, Michael",lf,7375000.0
2016,"Colon, Bartolo",rhp-s,7250000.0
2016,"Keuchel, Dallas",lhp-s,7250000.0
2016,"Plouffe, Trevor",3b,7250000.0
2016,"Puig, Yasiel",rf,7214286.0
2016,"Cashner, Andrew",rhp-s,7150000.0
2016,"Escobar, Yunel",2b-ss,7000000.0
2016,"Fister, Doug",rhp-s,7000000.0
2016,"Hellickson, Jeremy",rhp-s,7000000.0
2016,"Napoli, Mike",1b,7000000.0
2016,"Soria, Joakim",rhp,7000000.0
2016,"Utley, Chase",2b,7000000.0
2016,"Jay, Jon",cf,6850000.0
2016,"Britton, Zach",lhp,6750000.0
2016,"Gregerson, Luke",rhp-c,6750000.0
2016,"Martinez, J.D.",rf,6750000.0
2016,"Smith, Seth",lf-rf,6750000.0
2016,"Duda, Lucas",1b,6725000.0
2016,"Madson, Ryan",rhp,6666667.0
2016,"Reddick, Josh",rf,6575000.0
2016,"Cain, Lorenzo",cf,6500000.0
2016,"Carpenter, Matt",3b,6500000.0
2016,"Casilla, Santiago",rhp-c,6500000.0
2016,"Neshek, Pat",rhp,6500000.0
2016,"Young, Chris",rf,6500000.0
2016,"Richards, Garrett",rhp-s,6425000.0
2016,"Perkins, Glen",lhp-c,6300000.0
2016,"Howell, J.P.",lhp,6250000.0
2016,"Logan, Boone",lhp,6250000.0
2016,"Revere, Ben",cf,6250000.0
2016,"Tillman, Chris",rhp-s,6225000.0
2016,"Belt, Brandon",1b,6200000.0
2016,"Wood, Travis",lhp,6170000.0
2016,"Kipnis, Jason",2b,6166667.0
2016,"Valbuena, Luis",3b,6125000.0
2016,"Clippard, Tyler",rhp,6100000.0
2016,"Crawford, Brandon",ss,6000000.0
2016,"Hill, Rich",lhp-s,6000000.0
2016,"Lewis, Colby",rhp-s,6000000.0
2016,"Miley, Wade",lhp-s,6000000.0
2016,"O'Day, Darren",rhp,6000000.0
2016,"Simmons, Andrelton",ss,6000000.0
2016,"Sipp, Tony",lhp,6000000.0
2016,"Suzuki, Kurt",c,6000000.0
2016,"Goldschmidt, Paul",1b,5850000.0
2016,"Alvarez, Pedro",1b,5750000.0
2016,"De Aza, Alejandro",cf-lf,5750000.0
2016,"Moreland, Mitch",dh-1b,5700000.0
2016,"Eovaldi, Nate",rhp-s,5600000.0
2016,"Moustakas, Mike",3b,5600000.0
2016,"Rosenthal, Trevor",rhp-c,5600000.0
2016,"Aoki, Nori",rf,5500000.0
2016,"Hochevar, Luke",rhp,5500000.0
2016,"Lowe, Mark",rhp,5500000.0
2016,"Medlen, Kris",rhp-s,5500000.0
2016,"Ziegler, Brad",rhp-c,5500000.0
2016,"Quintana, Jose",lhp-s,5400000.0
2016,"Bastardo, Antonio",lhp,5375000.0
2016,"Ramos, Wilson",c,5350000.0
2016,"Jepsen, Kevin",rhp,5312500.0
2016,"Reed, Addison",rhp,5300000.0
2016,"Rizzo, Anthony",1b,5285714.0
2016,"Davis, Rajai",lf,5250000.0
2016,"Escobar, Alcides",ss,5250000.0
2016,"Harrison, Josh",3b-ss,5250000.0
2016,"Smith, Joe",rhp,5250000.0
2016,"Moore, Matt",lhp-s,5100000.0
2016,"Turner, Justin",3b,5100000.0
2016,"Mesoraco, Devin",c,5025000.0
2016,"Arenado, Nolan",3b,5000000.0
2016,"Castro, Jason",c,5000000.0
2016,"Duke, Zach",lhp,5000000.0
2016,"Harper, Bryce",rf,5000000.0
2016,"Jackson, Austin",cf,5000000.0
2016,"Lopez, Javier",lhp,5000000.0
2016,"Machado, Manny",3b,5000000.0
2016,"Motte, Jason",rhp-c,5000000.0
2016,"Santiago, Hector",lhp-s,5000000.0
2016,"Span, Denard",cf,5000000.0
2016,"Coghlan, Chris",lf,4800000.0
2016,"McGee, Jake",lhp,4800000.0
2016,"Pearce, Steve",1b-lf,4750000.0
2016,"Kluber, Corey",rhp-s,4700000.0
2016,"Axford, John",rhp,4500000.0
2016,"Carrasco, Carlos",rhp-s,4500000.0
2016,"Ellis, A.J.",c,4500000.0
2016,"Milone, Tom",lhp-s,4500000.0
2016,"Strop, Pedro",rhp,4400000.0
2016,"Lucroy, Jonathan",c,4350000.0
2016,"Miller, Shelby",rhp-s,4350000.0
2016,"Harvey, Matt",rhp-s,4325000.0
2016,"Pineda, Michael",rhp-s,4300000.0
2016,"Alvarez, Henderson",rhp-s,4250000.0
2016,"Cahill, Trevor",rhp,4250000.0
2016,"Iannetta, Chris",c,4250000.0
2016,"Young, Chris",rhp-s,4250000.0
2016,"Duffy, Danny",lhp-s,4225000.0
2016,"Morrison, Logan",1b,4200000.0
2016,"Rondon, Hector",rhp-c,4200000.0
2016,"Allen, Cody",rhp,4150000.0
2016,"Martin, Leonys",cf,4150000.0
2016,"Lawrie, Brett",2b,4125000.0
2016,"Familia, Jeurys",rhp-c,4100000.0
2016,"Nova, Ivan",rhp-s,4100000.0
2016,"Blanton, Joe",rhp,4000000.0
2016,"Blevins, Jerry",lhp,4000000.0
2016,"Chavez, Jesse",rhp,4000000.0
2016,"Cishek, Steve",rhp-c,4000000.0
2016,"Cobb, Alex",rhp-s,4000000.0
2016,"Gyorko, Jedd",2b,4000000.0
2016,"Jaso, John",1b,4000000.0
2016,"Kelley, Shawn",rhp,4000000.0
2016,"Navarro, Dioner",c,4000000.0
2016,"Uribe, Juan",3b,4000000.0
2016,"Blanco, Gregor",cf-lf,3900000.0
2016,"Feliz, Neftali",rhp,3900000.0
2016,"Hernandez, David",rhp,3900000.0
2016,"Matusz, Brian",lhp,3900000.0
2016,"Smoak, Justin",1b,3900000.0
2016,"Cecil, Brett",lhp,3800000.0
2016,"Broxton, Jonathan",rhp,3750000.0
2016,"Smyly, Drew",lhp-s,3750000.0
2016,"Castillo, Welington",c,3700000.0
2016,"Hanigan, Ryan",c,3700000.0
2016,"Altuve, Jose",2b,3687500.0
2016,"Walden, Jordan",rhp,3675000.0
2016,"Soler, Jorge",lf-rf,3666667.0
2016,"Blackmon, Charlie",of,3500000.0
2016,"Cervelli, Francisco",c,3500000.0
2016,"Grilli, Jason",rhp,3500000.0
2016,"Koehler, Tom",rhp-s,3500000.0
2016,"Pollock, A.J.",cf,3500000.0
2016,"Teheran, Julio",rhp-s,3466666.0
2016,"Dunn, Michael",lhp,3450000.0
2016,"Watson, Tony",lhp,3450000.0
2016,"Calhoun, Kole",rf,3400000.0
2016,"Ramos, A.J.",rhp-c,3400000.0
2016,"Tazawa, Junichi",rhp,3375000.0
2016,"Marte, Starling",lf,3333333.0
2016,"Gattis, Evan",dh-lf,3300000.0
2016,"Gordon, Dee",2b,3300000.0
2016,"Jennings, Desmond",lf,3300000.0
2016,"Tolleson, Shawn",rhp-c,3275000.0
2016,"Iglesias, Raisel",rhp-s,3214286.0
2016,"Ackley, Dustin",lf,3200000.0
2016,"Hundley, Nick",c,3150000.0
2016,"Perez, Martin",lhp-s,3150000.0
2016,"Valencia, Danny",3b,3150000.0
2016,"Maeda, Kenta",rhp-s,3125000.0
2016,"Wilhelmsen, Tom",rhp,3100000.0
2016,"Locke, Jeff",lhp-s,3025000.0
2016,"Dozier, Brian",2b,3000000.0
2016,"Drew, Stephen",2b-ss,3000000.0
2016,"Freese, David",3b,3000000.0
2016,"Latos, Mat",rhp-s,3000000.0
2016,"LeMahieu, D.J.",2b,3000000.0
2016,"Nicasio, Juan",rhp,3000000.0
2016,"Perez, Oliver",lhp,3000000.0
2016,"Pierzynski, A.J.",c,3000000.0
2016,"Ramirez, Alexei",ss,3000000.0
2016,"Lyles, Jordan",rhp-s,2975000.0
2016,"Rzepczynski, Marc",lhp,2950000.0
2016,"Cozart, Zack",ss,2925000.0
2016,"Norris, Derek",c,2925000.0
2016,"Archer, Chris",rhp-s,2916667.0
2016,"Saunders, Michael",lf,2900000.0
2016,"Espinosa, Danny",ss,2875000.0
2016,"Fernandez, Jose",rhp-s,2800000.0
2016,"Grandal, Yasmani",c,2800000.0
2016,"Kim, Hyun-soo",lf-1b,2800000.0
2016,"Peralta, Wily",rhp-s,2800000.0
2016,"Rendon, Anthony",3b,2800000.0
2016,"Soto, Geovany",c,2800000.0
2016,"Eaton, Adam",cf,2750000.0
2016,"Park, Byung Ho",dh-1b,2750000.0
2016,"Shaw, Bryan",rhp,2750000.0
2016,"Chisenhall, Lonnie",3b,2725000.0
2016,"Hudson, Daniel",rhp,2700000.0
2016,"Alonso, Yonder",1b,2650000.0
2016,"Hechavarria, Adeiny",ss,2625000.0
2016,"Kelly, Joe",rhp-s,2600000.0
2016,"Reynolds, Mark",1b,2600000.0
2016,"Segura, Jean",ss,2600000.0
2016,"Worley, Vance",rhp-s,2600000.0
2016,"Gomes, Yan",c,2583333.0
2016,"Herrera, Kelvin",rhp,2550000.0
2016,"Corbin, Patrick",lhp-s,2525000.0
2016,"Avila, Alex",c,2500000.0
2016,"Carter, Chris",dh-1b,2500000.0
2016,"Johnson, Jim",rhp-c,2500000.0
2016,"Kang, Jung-Ho",ss,2500000.0
2016,"Lagares, Juan",cf,2500000.0
2016,"Norris, Bud",rhp-s,2500000.0
2016,"Oh, Seung-hwan",rhp,2500000.0
2016,"Pena, Brayan",c,2500000.0
2016,"Petit, Yusmeiro",rhp,2500000.0
2016,"Phelps, David",rhp-s,2500000.0
2016,"Rodriguez, Sean",2b-3b,2500000.0
2016,"Ross, David",c,2500000.0
2016,"Gregorius, Didi",ss,2425000.0
2016,"Salas, Fernando",rhp,2400000.0
2016,"Ramirez, Erasmo",rhp-s,2375000.0
2016,"De La Rosa, Rubby",rhp-s,2350000.0
2016,"Fien, Casey",rhp,2275000.0
2016,"Forsythe, Logan",2b,2250000.0
2016,"Qualls, Chad",rhp-c,2250000.0
2016,"Tomlin, Josh",rhp,2250000.0
2016,"Hughes, Jared",rhp,2175000.0
2016,"Escobar, Eduardo",ss,2150000.0
2016,"Descalso, Daniel",3b-ss,2100000.0
2016,"Garcia, Avisail",rf,2100000.0
2016,"Iglesias, Jose",ss,2100000.0
2016,"Mercer, Jordy",ss,2075000.0
2016,"Albers, Matt",rhp,2000000.0
2016,"Aviles, Mike",inf,2000000.0
2016,"Bourjos, Peter",rf,2000000.0
2016,"Doubront, Felix",lhp-s,2000000.0
2016,"Flowers, Tyler",c,2000000.0
2016,"Galvis, Freddy",ss,2000000.0
2016,"Gee, Dillon",rhp-s,2000000.0
2016,"Gonzalez, Marwin",2b-ss,2000000.0
2016,"Hunter, Tommy",rhp,2000000.0
2016,"Johnson, Kelly",3b,2000000.0
2016,"Minor, Mike",lhp-s,2000000.0
2016,"Morales, Franklin",lhp,2000000.0
2016,"Ogando, Alexi",rhp,2000000.0
2016,"Perez, Salvador",c,2000000.0
2016,"Richard, Clayton",lhp,2000000.0
2016,"Rollins, Jimmy",ss,2000000.0
2016,"Sierra, Yaisel",rhp,2000000.0
2016,"Simon, Alfredo",rhp-s,2000000.0
2016,"Suzuki, Ichiro",rf,2000000.0
2016,"Vogelsong, Ryan",rhp-s,2000000.0
2016,"Fuld, Sam",of,1925000.0
2016,"Collmenter, Josh",rhp,1850000.0
2016,"Bundy, Dylan",rhp,1800000.0
2016,"O'Flaherty, Eric",lhp,1750000.0
2016,"Dyson, Jarrod",cf,1725000.0
2016,"Warren, Adam",rhp-s,1700000.0
2016,"Bauer, Trevor",rhp-s,1697500.0
2016,"Adams, Matt",1b,1650000.0
2016,"Ruggiano, Justin",cf,1650000.0
2016,"Furbush, Charlie",lhp,1600000.0
2016,"Rodney, Fernando",rhp-c,1600000.0
2016,"Thornton, Matt",lhp,1600000.0
2016,"Doolittle, Sean",lhp-c,1580000.0
2016,"Chirinos, Robinson",c,1550000.0
2016,"Wilson, Justin",lhp,1525000.0
2016,"Barnette, Tony",rhp,1500000.0
2016,"Breslow, Craig",lhp,1500000.0
2016,"Capuano, Chris",lhp-s,1500000.0
2016,"Conger, Hank",c,1500000.0
2016,"Flaherty, Ryan",3b-ss,1500000.0
2016,"Gutierrez, Franklin",lf,1500000.0
2016,"Mathis, Jeff",c,1500000.0
2016,"Pennington, Cliff",ss-2b,1500000.0
2016,"Raburn, Ryan",lf-rf,1500000.0
2016,"Russell, James",lhp,1500000.0
2016,"Sogard, Eric",2b,1500000.0
2016,"Tejada, Ruben",ss,1500000.0
2016,"Villanueva, Carlos",rhp,1500000.0
2016,"Weeks, Rickie",2b-of,1500000.0
2016,"Collins, Tim",lhp,1475000.0
2016,"Nunez, Eduardo",ss-2b,1475000.0
2016,"Smith, Will",lhp,1475000.0
2016,"Blanco, Andres",ss,1450000.0
2016,"Gomez, Jeanmar",rhp,1400000.0
2016,"Hoover, J.J.",rhp-c,1400000.0
2016,"Maness, Seth",rhp,1400000.0
2016,"Avilan, Luis",lhp,1390000.0
2016,"Lobaton, Jose",c,1387500.0
2016,"Nava, Daniel",lf,1375000.0
2016,"Amarista, Alexi",2b-ss,1350000.0
2016,"Morris, Bryan",rhp,1350000.0
2016,"Pomeranz, Drew",lhp-s,1350000.0
2016,"Stewart, Chris",c,1350000.0
2016,"McAllister, Zach",rhp-s,1300000.0
2016,"Ottavino, Adam",rhp,1300000.0
2016,"Reimold, Nolan",lf,1300000.0
2016,"Toscano, Dian",of,1300000.0
2016,"Delgado, Randall",rhp,1275000.0
2016,"Grimm, Justin",rhp,1275000.0
2016,"Diekman, Jake",lhp,1255000.0
2016,"Beckham, Gordon",2b,1250000.0
2016,"Belisle, Matt",rhp,1250000.0
2016,"Bonifacio, Emilio",2b-3b,1250000.0
2016,"Brach, Brad",rhp,1250000.0
2016,"Heisey, Chris",of,1250000.0
2016,"Peralta, Joel",rhp,1250000.0
2016,"Ross, Robbie",lhp,1250000.0
2016,"Wong, Kolten",2b,1250000.0
2016,"Van Slyke, Scott",of-1b,1225000.0
2016,"Narveson, Chris",lhp,1200000.0
2016,"Ventura, Yordano",rhp-s,1200000.0
2016,"Guyer, Brandon",of,1185000.0
2016,"Butera, Drew",c,1162500.0
2016,"Kontos, George",rhp,1150000.0
2016,"Maldonado, Martin",c,1125000.0
2016,"Cook, Ryan",rhp,1100000.0
2016,"Hatcher, Chris",rhp,1065000.0
2016,"Barney, Darwin",2b,1050000.0
2016,"Loup, Aaron",lhp,1050000.0
2016,"Rodriguez, Fernando",rhp,1050000.0
2016,"Barnes, Brandon",lf-cf,1000000.0
2016,"Byrd, Marlon",lf,1000000.0
2016,"Chatwood, Tyler",rhp-s,1000000.0
2016,"Cowgill, Collin",cf-rf,1000000.0
2016,"Detwiler, Ross",lhp-s,1000000.0
2016,"Floyd, Gavin",rhp,1000000.0
2016,"Francoeur, Jeff",rf,1000000.0
2016,"Gentry, Craig",cf-rf,1000000.0
2016,"Joyce, Matt",of,1000000.0
2016,"Lee, Dae-ho",1b,1000000.0
2016,"Luebke, Cory",lhp,1000000.0
2016,"McGowan, Dustin",rhp,1000000.0
2016,"Wallace, Brett",1b,1000000.0
2016,"Wang, Chien-Ming",rhp-s,1000000.0
2016,"Webb, Ryan",rhp,1000000.0
2016,"Yelich, Christian",lf,1000000.0
2016,"Capps, Carter",rhp,987500.0
2016,"Gimenez, Chris",c,975000.0
2016,"Putnam, Zach",rhp,975000.0
2016,"Boyer, Blaine",rhp,950000.0
2016,"Torres, Carlos",rhp,950000.0
2016,"Burriss, Emmanuel",ss,925000.0
2016,"Fields, Josh",rhp,900000.0
2016,"Jones, Nate",rhp-c,900000.0
2016,"Moore, Tyler",1b-of,900000.0
2016,"Romine, Andrew",ss-2b,900000.0
2016,"Scheppers, Tanner",rhp,900000.0
2016,"Vizcaino, Arodys",rhp,897500.0
2016,"Eveland, Dana",lhp,895000.0
2016,"Kratz, Erik",c,850000.0
2016,"Parker, Jarrod",rhp-s,850000.0
2016,"Jennings, Dan",lhp,810000.0
2016,"Scribner, Evan",rhp,807500.0
2016,"Ohlendorf, Ross",rhp,800000.0
2016,"Rosales, Adam",inf,800000.0
2016,"Thole, Josh",c,800000.0
2016,"Manship, Jeff",rhp,765000.0
2016,"Coleman, Louis",rhp,725000.0
2016,"Gurka, Jason",lhp,660000.0
2016,"Bryant, Kris",3b,652000.0
2016,"Bogaerts, Xander",ss,650000.0
2016,"Choi, Ji-Man",1b,650000.0
2016,"Edgin, Josh",lhp,625000.0
2016,"deGrom, Jacob",rhp-s,607000.0
2016,"Holt, Brock",ss,606000.0
2016,"Henderson, Jim",rhp,600000.0
2016,"Wood, Blake",rhp,600000.0
2016,"Gibson, Kyle",rhp,587500.0
2016,"Fryer, Eric",c,575000.0
2016,"Kensing, Logan",rhp,575000.0
2016,"Hicks, Aaron",of,574000.0
2016,"Hamilton, Billy",cf,570000.0
2016,"Ozuna, Marcell",cf,570000.0
2016,"Betts, Mookie",cf,566000.0
2016,"Layne, Tommy",lhp,563750.0
2016,"Romine, Austin",c,556000.0
2016,"Cosart, Jarred",rhp-s,550000.0
2016,"Gearrin, Cory",rhp,550000.0
2016,"Cole, Gerrit",rhp-s,548000.0
2016,"Sano, Miguel Jean",rf,547500.0
2016,"Bradley, Jackie Jr.",cf,546500.0
2016,"Wheeler, Zack",rhp-s,546250.0
2016,"May, Trevor",rhp,545000.0
2016,"Panik, Joe",2b,545000.0
2016,"Suarez, Eugenio",ss-2b,545000.0
2016,"Roark, Tanner",rhp-s,543400.0
2016,"d'Arnaud, Travis",c,542604.0
2016,"Rosario, Eddie",lf,542500.0
2016,"Hendricks, Kyle",rhp-s,541000.0
2016,"Lindor, Francisco",ss,540300.0
2016,"DeSclafani, Anthony",rhp,540000.0
2016,"Workman, Brandon",rhp,539500.0
2016,"Martinez, Carlos",rhp-s,539000.0
2016,"Siegrist, Kevin",lhp,539000.0
2016,"Wacha, Michael",rhp-s,539000.0
2016,"Bour, Justin",1b,537500.0
2016,"Duffy, Matt",3b,537500.0
2016,"Santana, Danny",ss,537500.0
2016,"Castellanos, Nick",3b,536500.0
2016,"Salazar, Danny",rhp-s,536200.0
2016,"Syndergaard, Noah",rhp-s,535375.0
2016,"Arcia, Oswaldo",lf-rf,535000.0
2016,"Culberson, Charlie",inf,535000.0
2016,"Petricka, Jake",rhp,535000.0
2016,"Polanco, Gregory",rf,535000.0
2016,"Sands, Jerry",of-1b,535000.0
2016,"Robinson, Clint",1b,534900.0
2016,"Shreve, Chasen",lhp,533400.0
2016,"Nuno, Vidal",lhp,532900.0
2016,"Caminero, Arquimedes",rhp,532500.0
2016,"Giavotella, Johnny",2b,532500.0
2016,"Realmuto, J.T.",c,532500.0
2016,"Gausman, Kevin",rhp-s,532000.0
2016,"La Stella, Tommy",2b,532000.0
2016,"Owings, Chris",2b,530500.0
2016,"Asche, Cody",3b-lf,530000.0
2016,"Cingrani, Tony",lhp,530000.0
2016,"Heston, Chris",rhp-s,530000.0
2016,"Shoemaker, Matt",rhp-s,530000.0
2016,"Wood, Alex",lhp-s,530000.0
2016,"Peralta, David",rf,529600.0
2016,"McHugh, Collin",rhp-s,529000.0
2016,"Smith, Carson",rhp,529000.0
2016,"Murphy, John Ryan",c,528700.0
2016,"Walker, Taijuan",rhp-s,528600.0
2016,"Giles, Ken",rhp,528200.0
2016,"Herrera, Odubel",cf,528000.0
2016,"Miller, Brad",ss,527600.0
2016,"Gray, Sonny",rhp-s,527500.0
2016,"Vogt, Stephen",c,527500.0
2016,"Farquhar, Danny",rhp,527000.0
2016,"Ruf, Darin",1b-of,527000.0
2016,"Russell, Addison",ss,527000.0
2016,"Maurer, Brandon",rhp,526400.0
2016,"Flores, Wilmer",ss,526014.0
2016,"Harris, Will",rhp,525500.0
2016,"Solarte, Yangervis",2b-3b,525500.0
2016,"Vincent, Nick",rhp,525500.0
2016,"Bird, Greg",1b,525300.0
2016,"Dyson, Sam",rhp,525270.0
2016,"Cron, C.J.",1b,525000.0
2016,"Diaz, Jose ""Jumbo""",rhp,525000.0
2016,"Gose, Anthony",of,525000.0
2016,"Hernandez, Cesar",2b,525000.0
2016,"Treinen, Blake",rhp,524900.0
2016,"Whitley, Chase",rhp-s,524525.0
2016,"Davis, Khris",lf,524500.0
2016,"Ramirez, Neil",rhp,524500.0
2016,"Rosscup, Zac",lhp,524500.0
2016,"Cedeno, Xavier",lhp,524100.0
2016,"Fiers, Michael",rhp,524100.0
2016,"Taylor, Michael",of,524000.0
2016,"Myers, Wil",1b,523900.0
2016,"Karns, Nate",rhp,523700.0
2016,"Joseph, Caleb",c,523500.0
2016,"McFarland, T.J.",lhp,523500.0
2016,"Hendriks, Liam",rhp,523400.0
2016,"Inciarte, Ender",of,523000.0
2016,"Dickerson, Corey",lf-dh,522900.0
2016,"Odor, Rougned",2b,522700.0
2016,"Dietrich, Derek",2b-ss,522500.0
2016,"Schoop, Jonathan",2b-3b,522500.0
2016,"Wilson, Alex",rhp,522500.0
2016,"Springer, George",rf,522400.0
2016,"Nelson, Jimmy",rhp-s,522300.0
2016,"Schwarber, Kyle",lf,522000.0
2016,"Carrera, Ezequiel",of,521800.0
2016,"Colome, Alex",rhp-s,521700.0
2016,"Ahmed, Nick",ss,521600.0
2016,"Colabello, Chris",1b,521300.0
2016,"Severino, Luis",rhp,521300.0
2016,"Quackenbush, Kevin",rhp,521200.0
2016,"Pillar, Kevin",cf,521100.0
2016,"Ray, Robbie",lhp-s,521000.0
2016,"Rodriguez, Eduardo",lhp,521000.0
2016,"Shuck, J.B.",lf,521000.0
2016,"Odorizzi, Jake",rhp-s,520700.0
2016,"Hardy, Blaine",lhp,520500.0
2016,"Peterson, Jace",2b,520500.0
2016,"Rodriguez, Paco",lhp,520500.0
2016,"Lamb, Jake",3b,520300.0
2016,"Anderson, Chase",rhp,520200.0
2016,"Goins, Ryan",ss,520200.0
2016,"Baez, Pedro",rhp,520000.0
2016,"Baumann, Buddy",lhp,520000.0
2016,"Buchter, Ryan",lhp,520000.0
2016,"Grichuk, Randal",cf,520000.0
2016,"Hernandez, Enrique ""Kike""",2b-ss,520000.0
2016,"Lobstein, Kyle",lhp,520000.0
2016,"Morin, Mike",rhp,520000.0
2016,"Otero, Danny",rhp,520000.0
2016,"Paredes, Jimmy",3b-rf,520000.0
2016,"Pederson, Joc",cf,520000.0
2016,"Pressly, Ryan",rhp,520000.0
2016,"Chafin, Andrew",lhp,519700.0
2016,"Alvarez, Jose",lhp,519500.0
2016,"Marisnick, Jake",cf-rf,519500.0
2016,"McCann, James",c,519500.0
2016,"Barrett, Aaron",rhp,519400.0
2016,"Geltz, Steve",rhp,519300.0
2016,"Boxberger, Brad",rhp,519200.0
2016,"Jeffress, Jeremy",rhp,519100.0
2016,"Holaday, Bryan",c,519000.0
2016,"Jungmann, Taylor",rhp,518500.0
2016,"Swihart, Blake",c,518500.0
2016,"Colon, Christian",2b,518425.0
2016,"Ramirez, Jose",2b-ss,518200.0
2016,"Gennett, Scooter",2b-ss,518100.0
2016,"Kela, Keone",rhp,518000.0
2016,"Oberholtzer, Brett",lhp,518000.0
2016,"Rodon, Carlos",lhp,518000.0
2016,"Rupp, Cameron",c,518000.0
2016,"Sanchez, Aaron",rhp-s,517800.0
2016,"Spangenberg, Cory",2b,517700.0
2016,"Barnhart, Tucker",c,517500.0
2016,"Franco, Maikel",3b,517500.0
2016,"Frias, Carlos",rhp-s,517500.0
2016,"Garcia, Yimi",rhp,517500.0
2016,"Nola, Aaron",rhp-s,517500.0
2016,"Strickland, Hunter",rhp,517500.0
2016,"DeShields Jr., Delino",2b-of,517300.0
2016,"Conforto, Michael",lf,517246.0
2016,"DeJesus Jr., Ivan",ss,517000.0
2016,"Greene, Shane",rhp,517000.0
2016,"Correa, Carlos",ss,516700.0
2016,"McCullers Jr., Lance",rhp,516700.0
2016,"Mitchell, Bryan",rhp,516650.0
2016,"Clevenger, Steve",c,516500.0
2016,"Lorenzen, Michael",rhp,516500.0
2016,"Robles, Hansel",rhp,516500.0
2016,"Osuna, Roberto",rhp-c,516100.0
2016,"Rivero, Felipe",lhp,516100.0
2016,"Souza, Steven",rf,516100.0
2016,"Eickhoff, Jerad",rhp-s,516000.0
2016,"Velasquez, Vincent",rhp-s,516000.0
2016,"Herrmann, Chris",c,515900.0
2016,"Stroman, Marcus",rhp,515900.0
2016,"Perez, Roberto",c,515800.0
2016,"Matz, Steven",lhp-s,515750.0
2016,"Altherr, Aaron",lf,515500.0
2016,"Marte, Ketel",ss,515400.0
2016,"Bolsinger, Mike",rhp,515000.0
2016,"Heaney, Andrew",lhp,515000.0
2016,"Montgomery, Mike",lhp,515000.0
2016,"Neris, Hector",rhp,515000.0
2016,"Ravin, Josh",rhp,515000.0
2016,"Shaw, Travis",1b,515000.0
2016,"Tonkin, Michael",rhp,515000.0
2016,"Tucker, Preston",of,515000.0
2016,"Verrett, Logan",rhp,514875.0
2016,"Beckham, Tim",2b-ss,514500.0
2016,"Norris, Daniel",lhp,514500.0
2016,"Rasmus, Cory",rhp,514500.0
2016,"Wright, Steve",rhp,514500.0
2016,"Kiermaier, Kevin",cf,514400.0
2016,"Ross, Joe",rhp-s,514400.0
2016,"Orlando, Paulo",of,514250.0
2016,"Blazek, Michael",rhp,514200.0
2016,"Hinojosa, Dalier",rhp,514000.0
2016,"Nieuwenhuis, Kirk",cf-lf,514000.0
2016,"Gosselin, Phil",2b,513900.0
2016,"Thornburg, Tyler",rhp-s,513900.0
2016,"Santana, Domingo",rf,513800.0
2016,"Casali, Curt",c,513600.0
2016,"Campbell, Eric",1b-3b,513308.0
2016,"Schultz, Bo",rhp,513300.0
2016,"Knebel, Corey",rhp,513000.0
2016,"Perez, Carlos",c,513000.0
2016,"Saladino, Tyler",ss,513000.0
2016,"Vazquez, Christian",c,513000.0
2016,"Villar, Jonathan",ss,512900.0
2016,"Adrianza, Ehire",ss,512500.0
2016,"Barnes, Austin",c,512500.0
2016,"Bergman, Christian",rhp,512500.0
2016,"Bettis, Chad",rhp-s,512500.0
2016,"Burns, Billy",cf,512500.0
2016,"Buxton, Byron",cf,512500.0
2016,"Canha, Mark",1b-dh,512500.0
2016,"Conley, Adam",lhp,512500.0
2016,"Graveman, Kendall",rhp-s,512500.0
2016,"Hollands, Mario",lhp,512500.0
2016,"Lyons, Tyler",lhp,512500.0
2016,"Mariot, Michael",rhp,512500.0
2016,"Osich, Josh",lhp,512500.0
2016,"Paulsen, Ben",1b,512500.0
2016,"Phegley, Josh",c,512500.0
2016,"Piscotty, Stephen",rf,512500.0
2016,"Rusin, Chris",lhp-s,512500.0
2016,"Semien, Marcus",ss,512500.0
2016,"Thompson, Trayce",of,512500.0
2016,"Tomlinson, Kelby",2b,512500.0
2016,"Straily, Dan",rhp,512100.0
2016,"Baez, Javier",ss,512000.0
2016,"Sardinas, Luis",2b,512000.0
2016,"Sucre, Jesus",c,512000.0
2016,"Yates, Kirby",rhp,511900.0
2016,"McKirahan, Andrew",lhp,511750.0
2016,"Alberto, Hanser",ss,511500.0
2016,"Finnegan, Brandon",lhp-s,511500.0
2016,"Givens, Mychal",rhp,511500.0
2016,"Szczur, Matt",of,511500.0
2016,"Wilson, Tyler",rhp,511500.0
2016,"Anderson, Cody",rhp,511400.0
2016,"Plawecki, Kevin",c,511360.0
2016,"Perez, Williams",rhp,511250.0
2016,"Bethancourt, Christian",c,511200.0
2016,"Travis, Devon",2b,511200.0
2016,"Barnes, Matt",rhp,511000.0
2016,"Rojas, Miguel",ss,511000.0
2016,"Zych, Tony",rhp,511000.0
2016,"Bedrosian, Cam",rhp,510500.0
2016,"Collins, Tyler",of,510500.0
2016,"Leon, Arnold",rhp,510500.0
2016,"Wright, Mike",rhp,510500.0
2016,"Duffy, Matt",3b,510200.0
2016,"Rea, Colin",rhp-s,510200.0
2016,"Rua, Ryan",inf,510120.0
2016,"Pena, Ariel",rhp,510100.0
2016,"Alvarez, R.J.",rhp,510000.0
2016,"Bassitt, Chris",rhp-s,510000.0
2016,"Brooks, Aaron",rhp,510000.0
2016,"Diaz, Elias",c,510000.0
2016,"Duvall, Adam",lf,510000.0
2016,"Montas, Frankie",rhp,510000.0
2016,"Pham, Tommy",of,510000.0
2016,"Romero, Enny",lhp-s,510000.0
2016,"Seager, Corey",ss,510000.0
2016,"Nolin, Sean",lhp-s,509700.0
2016,"Williams, Mason",of,509700.0
2016,"Cotham, Caleb",rhp,509675.0
2016,"Edwards, Jon",rhp,509600.0
2016,"Adames, Cristhian",ss,509500.0
2016,"Anderson, Tyler",lhp,509500.0
2016,"Castro, Miguel",rhp,509500.0
2016,"Diaz, Jairo",rhp,509500.0
2016,"Farmer, Buck",rhp,509500.0
2016,"Gray, Jon",rhp-s,509500.0
2016,"Klein, Phil",rhp,509500.0
2016,"Matzek, Tyler",lhp,509500.0
2016,"Miller, Justin",rhp,509500.0
2016,"Ramirez, Noe",rhp,509500.0
2016,"Ryan, Kyle",lhp-s,509500.0
2016,"VerHagen, Drew",rhp-s,509500.0
2016,"Bracho, Silvino",rhp,509300.0
2016,"Barrios, Yhonathan",rhp,509200.0
2016,"Harris, Mitch",rhp,509000.0
2016,"Drury, Brandon",3b,508900.0
2016,"Flores, Ramon",lf,508800.0
2016,"Jankowski, Travis",of,508800.0
2016,"Garcia, Adonis",of,508750.0
2016,"Rivera, Yadiel",ss,508600.0
2016,"Torreyes, Ronnie",2b,508600.0
2016,"Beeler, Dallas",rhp,508500.0
2016,"Brito, Socrates",of,508500.0
2016,"Broxton, Keon",of,508500.0
2016,"Faulkner, Andrew",lhp,508500.0
2016,"Gore, Terrance",of,508500.0
2016,"Jackson, Luke",rhp,508500.0
2016,"Lazo, Raudel",lhp,508500.0
2016,"Liriano, Rymer",of,508500.0
2016,"Nesbitt, Angel",rhp,508500.0
2016,"Winkler, Daniel",rhp,508500.0
2016,"Fuentes, Reymond",of,508450.0
2016,"Feliz, Michael",rhp,508200.0
2016,"Stassi, Max",c,508200.0
2016,"Brown, Trevor",c,508000.0
2016,"Moscot, Jon",rhp-s,508000.0
2016,"Simmons, Shae",rhp,508000.0
2016,"Skipworth, Kyle",c,508000.0
2016,"Banuelos, Manny",lhp,507500.0
2016,"Barbato, Johnny",rhp,507500.0
2016,"Barrett, Jake",rhp,507500.0
2016,"Betances, Dellin",rhp,507500.0
2016,"Biagini, Joe",rhp,507500.0
2016,"Biddle, Jesse",lhp,507500.0
2016,"Blash, Jabari",rf,507500.0
2016,"Bowman, Matt",rhp,507500.0
2016,"Cessa, Luis",rhp,507500.0
2016,"Dull, Ryan",rhp,507500.0
2016,"Ferrell, Jeff",rhp,507500.0
2016,"Gant, John",rhp,507500.0
2016,"Garcia, Greg",ss,507500.0
2016,"Goeddel, Tyler",lf,507500.0
2016,"Hazelbaker, Jeremy",of,507500.0
2016,"Holt, Tyler",of,507500.0
2016,"Hunter, Cedric",of,507500.0
2016,"Jones, Zach",rhp,507500.0
2016,"Lamb, John",lhp-s,507500.0
2016,"Naquin, Tyler",of,507500.0
2016,"Peraza, Jose",2b,507500.0
2016,"Perdomo, Luis",rhp,507500.0
2016,"Ramirez, Jose A.",rhp,507500.0
2016,"Rickard, Joey",of,507500.0
2016,"Rodriguez, Yorman",of,507500.0
2016,"Saltalamacchia, Jarrod",c,507500.0
2016,"Sampson, Keyvius",rhp,507500.0
2016,"Schebler, Scott",of,507500.0
2016,"Story, Trevor",ss,507500.0
2016,"Stubbs, Drew",lf,507500.0
2016,"Stumpf, Daniel",lhp,507500.0
2016,"Villanueva, Christian",3b,507500.0
2016,"Walsh, Colin",2b,507500.0
2016,"White, Tyler",1b,507500.0
2016,"Wisler, Matt",rhp-s,507500.0
2016,"Wolters, Tony",c,507500.0
